Player,Team,Batting_Level,Bowling_Level,Fielding_Level,Predicted_Role,Batter_Confidence,Bowler_Confidence,Fielder_Confidence,AllRounder_Confidence,Wicketkeeper_Confidence
Sam Sabharwal,Windsor Tigers CC,6,4,5,Fielder,0.9597442,0.0030556908,0.96650845,0.02187291,0.87893623
Imran Khan,Chatham CC,6,5,4,Bowler,0.9597442,0.97908574,0.0044303755,0.88897187,0.022838779
Rama Tarun Ganne,Windsor Royals CC,6,2,6,Fielder,0.9597442,0.0018361142,0.96650845,0.02187291,0.87893623
Sahil Sharma,Windsor Royals CC,6,5,4,Bowler,0.9597442,0.97908574,0.0044303755,0.88897187,0.022838779
Karamjit Sohal,WEUnited CC,5,6,4,Bowler,0.9597442,0.97908574,0.0044303755,0.88897187,0.022838779
Meghrajsinh Solanki,WEUnited CC,5,5,4,Bowler,0.9597442,0.97908574,0.0044303755,0.88897187,0.022838779
Binay Kumar,Windsor Lions CC,5,5,5,Bowler,0.9597442,0.97908574,0.96650845,0.88897187,0.87893623
Tanmeet Singh,EOCC,5,5,4,Bowler,0.9597442,0.97908574,0.0044303755,0.88897187,0.022838779
Gurpreet Gopi,Malik CC,6,2,5,Fielder,0.9597442,0.0018361142,0.96650845,0.02187291,0.87893623
Dhruv Patel,Gujarat Lions CC,5,5,3,Bowler,0.9597442,0.97908574,0.0016853807,0.88897187,0.022838779
sai charan,Trophy Fighters,5,6,4,Bowler,0.9597442,0.97908574,0.0044303755,0.88897187,0.022838779
Rushabh Kumar Patel,Punjab XI CC,5,5,5,Bowler,0.9597442,0.97908574,0.96650845,0.88897187,0.87893623
Akshit Naik,Gujarat Super Lions,5,5,4,Bowler,0.9597442,0.97908574,0.0044303755,0.88897187,0.022838779
Sai Santosh Uppalapati,Super Chargers,5,2,6,Fielder,0.9597442,0.0018361142,0.96650845,0.02187291,0.87893623
Vishal Patel,Gujarat Super Lions,6,3,5,Fielder,0.9597442,0.0018361142,0.96650845,0.02187291,0.87893623
Hamza Chohan,Malik CC,4,6,4,Bowler,0.0041622734,0.97908574,0.0044303755,0.008977106,0.00096294575
Naveen Burugupalli,Super Chargers,5,3,4,Batter,0.9597442,0.0018361142,0.0044303755,0.02187291,0.022838779
Ashok Pereddy,Vulcans CC,5,4,5,Fielder,0.9597442,0.0030556908,0.96650845,0.02187291,0.87893623
Chandan Sharma,Windsor Lions 2,6,3,5,Fielder,0.9597442,0.0018361142,0.96650845,0.02187291,0.87893623
Prabhjot (Sunny) Saini,Windsor Royals CC,6,2,3,Batter,0.9597442,0.0018361142,0.0016853807,0.02187291,0.022838779
Atif Sabir,Optimist CC,5,4,2,Batter,0.9597442,0.0030556908,0.0016853807,0.02187291,0.022838779
Vijayamadhu Vanga,Super Chargers,4,5,5,Bowler,0.0041622734,0.97908574,0.96650845,0.008977106,0.0155655015
Sahajbeer Virk,Windsor Tigers CC,4,6,4,Bowler,0.0041622734,0.97908574,0.0044303755,0.008977106,0.00096294575
Manpreet Saini,Windsor Tigers CC,5,2,4,Batter,0.9597442,0.0018361142,0.0044303755,0.02187291,0.022838779
Vinay Katikala,Mavericks CC,5,4,3,Batter,0.9597442,0.0030556908,0.0016853807,0.02187291,0.022838779
Kiran Patel,Gujarat Super Lions,4,5,4,Bowler,0.0041622734,0.97908574,0.0044303755,0.008977106,0.00096294575
Praveen Raj Udayakumar,Renegades CC,4,6,3,Bowler,0.0041622734,0.97908574,0.0016853807,0.008977106,0.00096294575
Rajat Batta,Windsor Lions CC,5,4,4,Batter,0.9597442,0.0030556908,0.0044303755,0.02187291,0.022838779
Nadeem Aslam,Alpha XI,5,4,5,Fielder,0.9597442,0.0030556908,0.96650845,0.02187291,0.87893623
Gaganjot Singh,Punjab XI CC,5,3,4,Batter,0.9597442,0.0018361142,0.0044303755,0.02187291,0.022838779
Vijaya Bhaskara Reddy Marri,Trophy Fighters,4,5,4,Bowler,0.0041622734,0.97908574,0.0044303755,0.008977106,0.00096294575
Prabhjot Gill,Windsor Tigers CC,5,4,4,Batter,0.9597442,0.0030556908,0.0044303755,0.02187291,0.022838779
Adit Thakkar,Windsor Warriors,4,4,5,Fielder,0.0041622734,0.0030556908,0.96650845,0.0008494055,0.0155655015
Mukund Bhajikhau,WEUnited CC,4,4,4,Fielder,0.0041622734,0.0030556908,0.0044303755,0.0008494055,0.00096294575
Kapil Nain,Windsor Royals CC,4,5,3,Bowler,0.0041622734,0.97908574,0.0016853807,0.008977106,0.00096294575
Dhairya Bhatt,Windsor Warriors,4,5,3,Bowler,0.0041622734,0.97908574,0.0016853807,0.008977106,0.00096294575
Jhudia Cruze,Cavaliers CC of Windsor,4,4,4,Fielder,0.0041622734,0.0030556908,0.0044303755,0.0008494055,0.00096294575
Jaipal Singh,Windsor Tigers CC,5,3,4,Batter,0.9597442,0.0018361142,0.0044303755,0.02187291,0.022838779
Hasan Mahmudul,Malik CC,4,5,3,Bowler,0.0041622734,0.97908574,0.0016853807,0.008977106,0.00096294575
Tarik Khan,Malik CC,5,3,3,Batter,0.9597442,0.0018361142,0.0016853807,0.02187291,0.022838779
Gowtham Sivakumar,Renegades CC,4,5,5,Bowler,0.0041622734,0.97908574,0.96650845,0.008977106,0.0155655015
Dev Singh,Vulcans CC,4,4,4,Fielder,0.0041622734,0.0030556908,0.0044303755,0.0008494055,0.00096294575
Gursewak Singh Cheema,Windsor Lions 2,4,4,4,Fielder,0.0041622734,0.0030556908,0.0044303755,0.0008494055,0.00096294575
Mukesh Jhally,Windsor Lions 2,4,5,5,Bowler,0.0041622734,0.97908574,0.96650845,0.008977106,0.0155655015
Amul Phondni,Windsor Lions 2,4,4,4,Fielder,0.0041622734,0.0030556908,0.0044303755,0.0008494055,0.00096294575
Surendar Thammineni,Super Chargers,4,5,4,Bowler,0.0041622734,0.97908574,0.0044303755,0.008977106,0.00096294575
Ajith Rengaraj,Renegades CC,5,2,3,Batter,0.9597442,0.0018361142,0.0016853807,0.02187291,0.022838779
Sahas Ashwatha,Windsor Royals CC,4,5,4,Bowler,0.0041622734,0.97908574,0.0044303755,0.008977106,0.00096294575
Mac Lopes,Vulcans CC,4,5,3,Bowler,0.0041622734,0.97908574,0.0016853807,0.008977106,0.00096294575
Nirav Patel,Gujarat Lions CC,3,5,4,Bowler,0.0015753232,0.97908574,0.0044303755,0.008977106,0.00096294575
Rahul Dua,Windsor Lions CC,4,4,3,Batter,0.0041622734,0.0030556908,0.0016853807,0.0008494055,0.00096294575
Kranthi Ganapathiraju,Super Chargers,3,5,4,Bowler,0.0015753232,0.97908574,0.0044303755,0.008977106,0.00096294575
Rashid Ahmad,Windsor Lions CC,4,4,3,Batter,0.0041622734,0.0030556908,0.0016853807,0.0008494055,0.00096294575
Akram Shaik,Windsor Warriors,4,3,3,Batter,0.0041622734,0.0018361142,0.0016853807,0.0008494055,0.00096294575
Ranjot Basra,Alpha XI,4,4,3,Batter,0.0041622734,0.0030556908,0.0016853807,0.0008494055,0.00096294575
Yadhu Krishna,EOCC,4,3,4,Fielder,0.0041622734,0.0018361142,0.0044303755,0.0008494055,0.00096294575
Manas Khurana,Windsor Lions 2,4,4,3,Batter,0.0041622734,0.0030556908,0.0016853807,0.0008494055,0.00096294575
Nilkanth Patel,Gujarat Super Lions,4,3,4,Fielder,0.0041622734,0.0018361142,0.0044303755,0.0008494055,0.00096294575
Gagandeep Singh,Windsor Lions 2,4,4,3,Batter,0.0041622734,0.0030556908,0.0016853807,0.0008494055,0.00096294575
Areeb Haroon,Cavaliers CC of Windsor,3,6,3,Bowler,0.0015753232,0.97908574,0.0016853807,0.008977106,0.00096294575
Divyesh Patel,EOCC,4,3,2,Batter,0.0041622734,0.0018361142,0.0016853807,0.0008494055,0.00096294575
Dheemanth Manikonda,Windsor Royals CC,3,5,4,Bowler,0.0015753232,0.97908574,0.0044303755,0.008977106,0.00096294575
Manpreet Singh,Punjab XI CC,4,2,6,Fielder,0.0041622734,0.0018361142,0.96650845,0.0008494055,0.0155655015
Ram Mummareddy,Super Chargers,4,4,4,Fielder,0.0041622734,0.0030556908,0.0044303755,0.0008494055,0.00096294575
Mohibullah Habibzai,Windsor Lions CC,3,5,4,Bowler,0.0015753232,0.97908574,0.0044303755,0.008977106,0.00096294575
Aizaaz Saeed,Cavaliers CC of Windsor,3,5,3,Bowler,0.0015753232,0.97908574,0.0016853807,0.008977106,0.00096294575
Nisarg Tailor,Windsor Lancers CC,3,6,4,Bowler,0.0015753232,0.97908574,0.0044303755,0.008977106,0.00096294575
Imran Bashir,Optimist CC,3,5,3,Bowler,0.0015753232,0.97908574,0.0016853807,0.008977106,0.00096294575
William Michaelsamy,Renegades X,3,6,3,Bowler,0.0015753232,0.97908574,0.0016853807,0.008977106,0.00096294575
Amarjit Singh,Chatham CC,3,5,3,Bowler,0.0015753232,0.97908574,0.0016853807,0.008977106,0.00096294575
Dinesh Kumar Ancha,Super Chargers,3,4,5,Fielder,0.0015753232,0.0030556908,0.96650845,0.0008494055,0.0155655015
Umair Sharif,Optimist CC,3,5,3,Bowler,0.0015753232,0.97908574,0.0016853807,0.008977106,0.00096294575
Tejas Joshi,WEUnited CC,4,2,5,Fielder,0.0041622734,0.0018361142,0.96650845,0.0008494055,0.0155655015
Harsh Patel,Gujarat Super Lions,3,4,3,Bowler,0.0015753232,0.0030556908,0.0016853807,0.0008494055,0.00096294575
Sajheet Shetty,Renegades CC,4,2,4,Fielder,0.0041622734,0.0018361142,0.0044303755,0.0008494055,0.00096294575
Smit Bardoli,Super Chargers,4,2,3,Batter,0.0041622734,0.0018361142,0.0016853807,0.0008494055,0.00096294575
Rajan Patel,Gujarat Lions CC,3,4,4,Fielder,0.0015753232,0.0030556908,0.0044303755,0.0008494055,0.00096294575
Ashwinraj Gnanavel,Renegades X,4,2,4,Fielder,0.0041622734,0.0018361142,0.0044303755,0.0008494055,0.00096294575
Sharath Shankar,Windsor Lancers CC,4,4,4,Fielder,0.0041622734,0.0030556908,0.0044303755,0.0008494055,0.00096294575
Arjun Patel,Gujarat Lions CC,3,5,5,Bowler,0.0015753232,0.97908574,0.96650845,0.008977106,0.0155655015
Kemar Walcott,Cavaliers CC of Windsor,2,5,4,Bowler,0.0015753232,0.97908574,0.0044303755,0.008977106,0.00096294575
Aniket Sharma,EOCC,4,4,2,Batter,0.0041622734,0.0030556908,0.0016853807,0.0008494055,0.00096294575
Adil Shinwari,Cavaliers CC of Windsor,4,4,4,Fielder,0.0041622734,0.0030556908,0.0044303755,0.0008494055,0.00096294575
Jagroop Singh,Windsor Lions 2,4,3,4,Fielder,0.0041622734,0.0018361142,0.0044303755,0.0008494055,0.00096294575
Md Nafiuzzaman,Cavaliers CC of Windsor,4,2,3,Batter,0.0041622734,0.0018361142,0.0016853807,0.0008494055,0.00096294575
Hardik Trivedi,WEUnited CC,4,3,3,Batter,0.0041622734,0.0018361142,0.0016853807,0.0008494055,0.00096294575
Ikram Ali Khokhar,Malik CC,2,5,4,Bowler,0.0015753232,0.97908574,0.0044303755,0.008977106,0.00096294575
Kiran Kumar T B,Trophy Fighters,4,3,2,Batter,0.0041622734,0.0018361142,0.0016853807,0.0008494055,0.00096294575
Raza Malik,Malik CC,4,2,4,Fielder,0.0041622734,0.0018361142,0.0044303755,0.0008494055,0.00096294575
Muhammad Arif Khan,Lasalle Lightning CC,3,5,3,Bowler,0.0015753232,0.97908574,0.0016853807,0.008977106,0.00096294575
Muhammad Abdullah,Alpha XI,3,4,4,Fielder,0.0015753232,0.0030556908,0.0044303755,0.0008494055,0.00096294575
Naveen Bhoopal,Renegades CC,4,2,3,Batter,0.0041622734,0.0018361142,0.0016853807,0.0008494055,0.00096294575
Amar Reddy,Chatham CC,3,5,3,Bowler,0.0015753232,0.97908574,0.0016853807,0.008977106,0.00096294575
Mohamed Fiazul Hasan Raja Abdul Rahman,Windsor Lancers CC,4,2,3,Batter,0.0041622734,0.0018361142,0.0016853807,0.0008494055,0.00096294575
Ghoshit Patel,Underdogs CC,3,4,4,Fielder,0.0015753232,0.0030556908,0.0044303755,0.0008494055,0.00096294575
Samrat Klair,Punjab XI CC,4,2,5,Fielder,0.0041622734,0.0018361142,0.96650845,0.0008494055,0.0155655015
Aryan Khullar,Windsor Lions CC,3,5,4,Bowler,0.0015753232,0.97908574,0.0044303755,0.008977106,0.00096294575
Mohit Bhatia,Windsor Tigers CC,4,4,4,Fielder,0.0041622734,0.0030556908,0.0044303755,0.0008494055,0.00096294575
Harsh Desai,Windsor Lions 2,4,4,2,Batter,0.0041622734,0.0030556908,0.0016853807,0.0008494055,0.00096294575
Abdullah Qureshi,Lasalle Lightning CC,4,2,3,Batter,0.0041622734,0.0018361142,0.0016853807,0.0008494055,0.00096294575
Vikram Dahiya,Vulcans CC,4,3,4,Fielder,0.0041622734,0.0018361142,0.0044303755,0.0008494055,0.00096294575
Mit Patel,WEUnited CC,3,5,4,Bowler,0.0015753232,0.97908574,0.0044303755,0.008977106,0.00096294575
Shivam Jadeja,Gujarat Super Lions,4,3,3,Batter,0.0041622734,0.0018361142,0.0016853807,0.0008494055,0.00096294575
Gurveer Singh Sran,Windsor Royals CC,3,4,4,Fielder,0.0015753232,0.0030556908,0.0044303755,0.0008494055,0.00096294575
Maninder Brar,Punjab XI CC,3,4,3,Bowler,0.0015753232,0.0030556908,0.0016853807,0.0008494055,0.00096294575
Riaz Ali Lashari,Alpha XI,4,2,3,Batter,0.0041622734,0.0018361142,0.0016853807,0.0008494055,0.00096294575
Harman Brar,Windsor Lions CC,4,2,3,Batter,0.0041622734,0.0018361142,0.0016853807,0.0008494055,0.00096294575
Jaspinder Singh,Malik CC,4,2,3,Batter,0.0041622734,0.0018361142,0.0016853807,0.0008494055,0.00096294575
Anmol Chahal,Punjab XI CC,4,2,4,Fielder,0.0041622734,0.0018361142,0.0044303755,0.0008494055,0.00096294575
Udaypratap Singh,Gujarat Lions CC,4,2,3,Batter,0.0041622734,0.0018361142,0.0016853807,0.0008494055,0.00096294575
Rizwan Baig,Cavaliers CC of Windsor,4,2,2,Batter,0.0041622734,0.0018361142,0.0016853807,0.0008494055,0.00096294575
Manish Patel,EOCC,3,4,3,Bowler,0.0015753232,0.0030556908,0.0016853807,0.0008494055,0.00096294575
Jurred Jones,Cavaliers CC of Windsor,4,3,5,Fielder,0.0041622734,0.0018361142,0.96650845,0.0008494055,0.0155655015
Smit Prajapati,EOCC,3,4,4,Fielder,0.0015753232,0.0030556908,0.0044303755,0.0008494055,0.00096294575
Abhishek Mishra,EOCC,4,2,5,Fielder,0.0041622734,0.0018361142,0.96650845,0.0008494055,0.0155655015
Karthik Raja,Renegades CC,4,2,4,Fielder,0.0041622734,0.0018361142,0.0044303755,0.0008494055,0.00096294575
Upendra Patike,Street Strikers,4,3,4,Fielder,0.0041622734,0.0018361142,0.0044303755,0.0008494055,0.00096294575
Harjeet Singh,Punjab XI CC,3,5,3,Bowler,0.0015753232,0.97908574,0.0016853807,0.008977106,0.00096294575
Smit Gheewala,Windsor Lancers CC,4,2,4,Fielder,0.0041622734,0.0018361142,0.0044303755,0.0008494055,0.00096294575
Gagan Deep,Optimist CC,2,5,3,Bowler,0.0015753232,0.97908574,0.0016853807,0.008977106,0.00096294575
Beantjeet Singh,Windsor Royals CC,4,2,3,Batter,0.0041622734,0.0018361142,0.0016853807,0.0008494055,0.00096294575
Simran Jeet,Optimist CC,4,2,4,Fielder,0.0041622734,0.0018361142,0.0044303755,0.0008494055,0.00096294575
Khadagapani Reddy Jayareddy,Vulcans CC,3,4,4,Fielder,0.0015753232,0.0030556908,0.0044303755,0.0008494055,0.00096294575
Neeraj A,Alpha XI,3,4,3,Bowler,0.0015753232,0.0030556908,0.0016853807,0.0008494055,0.00096294575
Keyoor Buch,Optimist CC,3,3,5,Fielder,0.0015753232,0.0018361142,0.96650845,0.0008494055,0.0155655015
Collvon King,Cavaliers CC of Windsor,3,4,4,Fielder,0.0015753232,0.0030556908,0.0044303755,0.0008494055,0.00096294575
Vadhul Krishnan,Renegades X,4,2,4,Fielder,0.0041622734,0.0018361142,0.0044303755,0.0008494055,0.00096294575
Gopi Nedamarthi,Mavericks CC,3,4,5,Fielder,0.0015753232,0.0030556908,0.96650845,0.0008494055,0.0155655015
Imran Khan,Malik CC,4,2,5,Fielder,0.0041622734,0.0018361142,0.96650845,0.0008494055,0.0155655015
Alister Lopes,Vulcans CC,4,3,4,Fielder,0.0041622734,0.0018361142,0.0044303755,0.0008494055,0.00096294575
Nikunj Dankhara,Windsor Lancers CC,4,3,2,Batter,0.0041622734,0.0018361142,0.0016853807,0.0008494055,0.00096294575
Rustam Bhatti,Alpha XI,4,2,4,Fielder,0.0041622734,0.0018361142,0.0044303755,0.0008494055,0.00096294575
John Ouseph,Renegades CC,3,5,3,Bowler,0.0015753232,0.97908574,0.0016853807,0.008977106,0.00096294575
Nadir Khan,Chatham CC,4,3,4,Fielder,0.0041622734,0.0018361142,0.0044303755,0.0008494055,0.00096294575
Hamad Shah,Chatham CC,4,3,2,Batter,0.0041622734,0.0018361142,0.0016853807,0.0008494055,0.00096294575
Sai Karthik,Street Strikers,3,4,3,Bowler,0.0015753232,0.0030556908,0.0016853807,0.0008494055,0.00096294575
Ripu Singh,Trophy Fighters,3,3,3,Bowler,0.0015753232,0.0018361142,0.0016853807,0.0008494055,0.00096294575
Maulik Gabani,Alpha XI,3,3,4,Fielder,0.0015753232,0.0018361142,0.0044303755,0.0008494055,0.00096294575
Abhi Sannagiri,Mavericks CC,3,4,5,Fielder,0.0015753232,0.0030556908,0.96650845,0.0008494055,0.0155655015
Goutham Reddy,Vulcans CC,3,5,3,Bowler,0.0015753232,0.97908574,0.0016853807,0.008977106,0.00096294575
Varun Sharma,WEUnited CC,3,4,4,Fielder,0.0015753232,0.0030556908,0.0044303755,0.0008494055,0.00096294575
Aman Singh,WEUnited CC,4,2,2,Batter,0.0041622734,0.0018361142,0.0016853807,0.0008494055,0.00096294575
Keval Vasra,Windsor Lancers CC,3,4,4,Fielder,0.0015753232,0.0030556908,0.0044303755,0.0008494055,0.00096294575
Srikanth Vasavi,Mavericks CC,3,4,3,Bowler,0.0015753232,0.0030556908,0.0016853807,0.0008494055,0.00096294575
Nirmal Gill,Punjab XI CC,4,2,2,Batter,0.0041622734,0.0018361142,0.0016853807,0.0008494055,0.00096294575
Pavan Bandi,Renegades CC,4,2,4,Fielder,0.0041622734,0.0018361142,0.0044303755,0.0008494055,0.00096294575
Viraj Patel,WEUnited CC,2,5,3,Bowler,0.0015753232,0.97908574,0.0016853807,0.008977106,0.00096294575
Glenroy Lumely,Cavaliers CC of Windsor,4,2,3,Batter,0.0041622734,0.0018361142,0.0016853807,0.0008494055,0.00096294575
Shahzeb Akram,WEUnited CC,4,2,4,Fielder,0.0041622734,0.0018361142,0.0044303755,0.0008494055,0.00096294575
Amit Sharma,Trophy Fighters,4,2,4,Fielder,0.0041622734,0.0018361142,0.0044303755,0.0008494055,0.00096294575
Nikhil Ghattamaneni,Mavericks CC,4,3,2,Batter,0.0041622734,0.0018361142,0.0016853807,0.0008494055,0.00096294575
Aftab Malik,Malik CC,2,5,3,Bowler,0.0015753232,0.97908574,0.0016853807,0.008977106,0.00096294575
Sohail Malik,Malik CC,3,3,3,Bowler,0.0015753232,0.0018361142,0.0016853807,0.0008494055,0.00096294575
Santokhsar Singh,Windsor Lions 2,2,5,3,Bowler,0.0015753232,0.97908574,0.0016853807,0.008977106,0.00096294575
Honey Saini,Windsor Tigers CC,3,4,5,Fielder,0.0015753232,0.0030556908,0.96650845,0.0008494055,0.0155655015
Harman Brar,Underdogs CC,4,2,4,Fielder,0.0041622734,0.0018361142,0.0044303755,0.0008494055,0.00096294575
Taimoor Javed,Lasalle Lightning CC,3,3,4,Fielder,0.0015753232,0.0018361142,0.0044303755,0.0008494055,0.00096294575
Yousof Totakhil,Windsor Warriors,3,4,3,Bowler,0.0015753232,0.0030556908,0.0016853807,0.0008494055,0.00096294575
Leela M Kondeparthi,Mavericks CC,3,2,4,Fielder,0.0015753232,0.0018361142,0.0044303755,0.0008494055,0.00096294575
Ganga Singh,Windsor Lions CC,3,2,5,Fielder,0.0015753232,0.0018361142,0.96650845,0.0008494055,0.0155655015
Neil Contractor,Alpha XI,4,2,4,Fielder,0.0041622734,0.0018361142,0.0044303755,0.0008494055,0.00096294575
Shivam Rajput,Windsor Royals CC,3,4,3,Bowler,0.0015753232,0.0030556908,0.0016853807,0.0008494055,0.00096294575
Pardeep Singh,Punjab XI CC,2,4,3,Bowler,0.0015753232,0.0030556908,0.0016853807,0.0008494055,0.00096294575
Bobby Venktesh,Windsor Lions 2,3,2,6,Fielder,0.0015753232,0.0018361142,0.96650845,0.0008494055,0.0155655015
Faizaan Munim,Chatham CC,3,4,3,Bowler,0.0015753232,0.0030556908,0.0016853807,0.0008494055,0.00096294575
Raj Sabalpara,Windsor Lancers CC,3,4,3,Bowler,0.0015753232,0.0030556908,0.0016853807,0.0008494055,0.00096294575
Gurkirat Singh,Vulcans CC,4,2,3,Batter,0.0041622734,0.0018361142,0.0016853807,0.0008494055,0.00096294575
Chaitanya Thokala,Trophy Fighters,3,3,3,Bowler,0.0015753232,0.0018361142,0.0016853807,0.0008494055,0.00096294575
Karan Singh,Windsor Tigers CC,4,2,3,Batter,0.0041622734,0.0018361142,0.0016853807,0.0008494055,0.00096294575
Vignesh Ganapathy,Renegades X,3,3,3,Bowler,0.0015753232,0.0018361142,0.0016853807,0.0008494055,0.00096294575
Karan Adhaduk,WEUnited CC,3,2,4,Fielder,0.0015753232,0.0018361142,0.0044303755,0.0008494055,0.00096294575
Arshdeep Singh,Punjab XI CC,3,3,3,Bowler,0.0015753232,0.0018361142,0.0016853807,0.0008494055,0.00096294575
Jignesh Patel,Gujarat Lions CC,3,4,2,Bowler,0.0015753232,0.0030556908,0.0016853807,0.0008494055,0.00096294575
Faisal Wahid,Windsor Warriors,4,2,2,Batter,0.0041622734,0.0018361142,0.0016853807,0.0008494055,0.00096294575
Rohith V,Trophy Fighters,3,3,2,Bowler,0.0015753232,0.0018361142,0.0016853807,0.0008494055,0.00096294575
Jasleen Bhatti,Punjab XI CC,2,5,3,Bowler,0.0015753232,0.97908574,0.0016853807,0.008977106,0.00096294575
Luqman Ahmad,Windsor Lions CC,3,3,5,Fielder,0.0015753232,0.0018361142,0.96650845,0.0008494055,0.0155655015
Shabbir Stationwala,Windsor Warriors,3,3,3,Bowler,0.0015753232,0.0018361142,0.0016853807,0.0008494055,0.00096294575
Rohit Kataria,Windsor Tigers CC,2,4,3,Bowler,0.0015753232,0.0030556908,0.0016853807,0.0008494055,0.00096294575
Anooplal Ravi,Renegades CC,3,4,4,Fielder,0.0015753232,0.0030556908,0.0044303755,0.0008494055,0.00096294575
Vasudevareddy Vulavala,Windsor Lancers CC,3,4,3,Bowler,0.0015753232,0.0030556908,0.0016853807,0.0008494055,0.00096294575
Jaspreet Brar,Windsor Tigers CC,2,4,3,Bowler,0.0015753232,0.0030556908,0.0016853807,0.0008494055,0.00096294575
Divya Patel,Renegades X,3,3,4,Fielder,0.0015753232,0.0018361142,0.0044303755,0.0008494055,0.00096294575
Ravinder Singh,Windsor Lions 2,3,3,4,Fielder,0.0015753232,0.0018361142,0.0044303755,0.0008494055,0.00096294575
Farooq Hyder,Lasalle Lightning CC,2,4,3,Bowler,0.0015753232,0.0030556908,0.0016853807,0.0008494055,0.00096294575
Alger A,Alpha XI,3,2,2,Bowler,0.0015753232,0.0018361142,0.0016853807,0.0008494055,0.00096294575
Sanam Mehta,Vulcans CC,3,3,5,Fielder,0.0015753232,0.0018361142,0.96650845,0.0008494055,0.0155655015
Gurjot Singh,Windsor Warriors,3,4,4,Fielder,0.0015753232,0.0030556908,0.0044303755,0.0008494055,0.00096294575
Anirudh Gururajan,Windsor Lions CC,3,2,2,Bowler,0.0015753232,0.0018361142,0.0016853807,0.0008494055,0.00096294575
Nikhil Kakumanu,Super Chargers,2,4,5,Fielder,0.0015753232,0.0030556908,0.96650845,0.0008494055,0.0155655015
Vignesh Vaidyanathan,Renegades X,3,2,3,Bowler,0.0015753232,0.0018361142,0.0016853807,0.0008494055,0.00096294575
Jay Bhimani,Renegades CC,3,4,3,Bowler,0.0015753232,0.0030556908,0.0016853807,0.0008494055,0.00096294575
Ram Bodhe,Windsor Lancers CC,2,4,4,Fielder,0.0015753232,0.0030556908,0.0044303755,0.0008494055,0.00096294575
Yash Pandya,Windsor Dominion CC,3,3,2,Bowler,0.0015753232,0.0018361142,0.0016853807,0.0008494055,0.00096294575
Chetan Nawale,Renegades X,3,3,3,Bowler,0.0015753232,0.0018361142,0.0016853807,0.0008494055,0.00096294575
Sarim Khan,Optimist CC,2,4,2,Bowler,0.0015753232,0.0030556908,0.0016853807,0.0008494055,0.00096294575
Parth Patel,EOCC,2,4,3,Bowler,0.0015753232,0.0030556908,0.0016853807,0.0008494055,0.00096294575
Muhammad Usman,Lasalle Lightning CC,3,4,4,Fielder,0.0015753232,0.0030556908,0.0044303755,0.0008494055,0.00096294575
Prince Kakadiya,WEUnited CC,3,3,4,Fielder,0.0015753232,0.0018361142,0.0044303755,0.0008494055,0.00096294575
Jaspreet Singh,Punjab XI CC,2,4,4,Fielder,0.0015753232,0.0030556908,0.0044303755,0.0008494055,0.00096294575
Raghav Sharma,EOCC,2,4,4,Fielder,0.0015753232,0.0030556908,0.0044303755,0.0008494055,0.00096294575
Malay Mehta,Windsor Lions CC,2,4,3,Bowler,0.0015753232,0.0030556908,0.0016853807,0.0008494055,0.00096294575
Peter Anglican,Gujarat Super Lions,3,4,3,Bowler,0.0015753232,0.0030556908,0.0016853807,0.0008494055,0.00096294575
Waseem Arif,Windsor Dominion CC,3,3,3,Bowler,0.0015753232,0.0018361142,0.0016853807,0.0008494055,0.00096294575
Mandeep Sidhu,Windsor Tigers CC,2,4,2,Bowler,0.0015753232,0.0030556908,0.0016853807,0.0008494055,0.00096294575
Simrat Buttar,Windsor Lions 2,3,4,4,Fielder,0.0015753232,0.0030556908,0.0044303755,0.0008494055,0.00096294575
Anas Saqib,Alpha XI,3,3,5,Fielder,0.0015753232,0.0018361142,0.96650845,0.0008494055,0.0155655015
Nisarg Pandya,Windsor Lancers CC,3,2,2,Bowler,0.0015753232,0.0018361142,0.0016853807,0.0008494055,0.00096294575
Hiren Patel,Gujarat Lions CC,3,2,3,Bowler,0.0015753232,0.0018361142,0.0016853807,0.0008494055,0.00096294575
Danish Siddiqui,Lasalle Lightning CC,3,2,3,Bowler,0.0015753232,0.0018361142,0.0016853807,0.0008494055,0.00096294575
Pujan Langadia,Optimist CC,3,2,4,Fielder,0.0015753232,0.0018361142,0.0044303755,0.0008494055,0.00096294575
ANKITKUMAR PATEL,Gujarat Super Lions,3,4,2,Bowler,0.0015753232,0.0030556908,0.0016853807,0.0008494055,0.00096294575
Sahil Lamba,Lasalle Lightning CC,2,4,2,Bowler,0.0015753232,0.0030556908,0.0016853807,0.0008494055,0.00096294575
Hemant Bhardwaj,Underdogs CC,3,3,1,Bowler,0.0015753232,0.0018361142,0.0016853807,0.0008494055,0.00096294575
Daniyaal Sohaib,Lasalle Lightning CC,3,3,3,Bowler,0.0015753232,0.0018361142,0.0016853807,0.0008494055,0.00096294575
Anirudh Reddy R,Mavericks CC,3,4,3,Bowler,0.0015753232,0.0030556908,0.0016853807,0.0008494055,0.00096294575
Sukhkirat Singh,FSC WINDSOR,3,3,2,Bowler,0.0015753232,0.0018361142,0.0016853807,0.0008494055,0.00096294575
Omesh Reddy Anantha,Street Strikers,3,2,4,Fielder,0.0015753232,0.0018361142,0.0044303755,0.0008494055,0.00096294575
Bilal Qamar,Optimist CC,3,4,3,Bowler,0.0015753232,0.0030556908,0.0016853807,0.0008494055,0.00096294575
Surya Manchala,Renegades CC,3,2,5,Fielder,0.0015753232,0.0018361142,0.96650845,0.0008494055,0.0155655015
Muhammad Harris,Lasalle Lightning CC,3,2,5,Fielder,0.0015753232,0.0018361142,0.96650845,0.0008494055,0.0155655015
Shahryar Ahmad,Windsor Lions CC,2,4,2,Bowler,0.0015753232,0.0030556908,0.0016853807,0.0008494055,0.00096294575
Vamsi krishna,Mavericks CC,3,3,3,Bowler,0.0015753232,0.0018361142,0.0016853807,0.0008494055,0.00096294575
Jatin Bhalla,Chatham CC,2,4,3,Bowler,0.0015753232,0.0030556908,0.0016853807,0.0008494055,0.00096294575
Ruchit Patel,Gujarat Super Lions,3,2,2,Bowler,0.0015753232,0.0018361142,0.0016853807,0.0008494055,0.00096294575
Harpreet Singh,Windsor Warriors,3,2,3,Bowler,0.0015753232,0.0018361142,0.0016853807,0.0008494055,0.00096294575
Kush Patel,Vulcans CC,2,4,4,Fielder,0.0015753232,0.0030556908,0.0044303755,0.0008494055,0.00096294575
Abhishek Tyagi,Underdogs CC,2,4,3,Bowler,0.0015753232,0.0030556908,0.0016853807,0.0008494055,0.00096294575
Pradith Jayathi,Trophy Fighters,3,2,1,Bowler,0.0015753232,0.0018361142,0.0016853807,0.0008494055,0.00096294575
Rudra Chauhan,EOCC,3,3,3,Bowler,0.0015753232,0.0018361142,0.0016853807,0.0008494055,0.00096294575
Mehmood Hussain,Windsor Dominion CC,3,3,1,Bowler,0.0015753232,0.0018361142,0.0016853807,0.0008494055,0.00096294575
Amandeep Singh,Windsor Lions CC,3,2,3,Bowler,0.0015753232,0.0018361142,0.0016853807,0.0008494055,0.00096294575
Manohar Reddy Anukuri,Chatham CC,3,4,3,Bowler,0.0015753232,0.0030556908,0.0016853807,0.0008494055,0.00096294575
Pruthiv Anke,Optimist CC,3,2,2,Bowler,0.0015753232,0.0018361142,0.0016853807,0.0008494055,0.00096294575
Keyur Italia,Gujarat Lions CC,3,2,4,Fielder,0.0015753232,0.0018361142,0.0044303755,0.0008494055,0.00096294575
Om Patel,Underdogs CC,3,3,2,Bowler,0.0015753232,0.0018361142,0.0016853807,0.0008494055,0.00096294575
Pradith Jayanthi,Trophy Fighters,3,2,2,Bowler,0.0015753232,0.0018361142,0.0016853807,0.0008494055,0.00096294575
Piyush Parate,Windsor Dominion CC,3,2,2,Bowler,0.0015753232,0.0018361142,0.0016853807,0.0008494055,0.00096294575
Ashar Badar,Chatham CC,3,2,3,Bowler,0.0015753232,0.0018361142,0.0016853807,0.0008494055,0.00096294575
Sandeep Panjeta,FSC WINDSOR,3,3,1,Bowler,0.0015753232,0.0018361142,0.0016853807,0.0008494055,0.00096294575
Dhruv Mehta,Windsor Lions CC,3,2,4,Fielder,0.0015753232,0.0018361142,0.0044303755,0.0008494055,0.00096294575
Dipen Bhatt,Gujarat Super Lions,2,4,3,Bowler,0.0015753232,0.0030556908,0.0016853807,0.0008494055,0.00096294575
Aarav Kuyeskar,EOCC,3,3,2,Bowler,0.0015753232,0.0018361142,0.0016853807,0.0008494055,0.00096294575
Parkash Bhullar,Windsor Warriors,2,4,3,Bowler,0.0015753232,0.0030556908,0.0016853807,0.0008494055,0.00096294575
Tapan Rao,Gujarat Super Lions,2,4,3,Bowler,0.0015753232,0.0030556908,0.0016853807,0.0008494055,0.00096294575
Zain Rafi,Optimist CC,3,2,3,Bowler,0.0015753232,0.0018361142,0.0016853807,0.0008494055,0.00096294575
Samuel Dsouza,Vulcans CC,3,3,2,Bowler,0.0015753232,0.0018361142,0.0016853807,0.0008494055,0.00096294575
Saikishore Reddy Buddol,Street Strikers,3,2,2,Bowler,0.0015753232,0.0018361142,0.0016853807,0.0008494055,0.00096294575
Amrit Khuttan,FSC WINDSOR,3,3,2,Bowler,0.0015753232,0.0018361142,0.0016853807,0.0008494055,0.00096294575
Sreenath Reddy,Mavericks CC,3,2,4,Fielder,0.0015753232,0.0018361142,0.0044303755,0.0008494055,0.00096294575
Avi Patel,Chatham CC,2,4,3,Bowler,0.0015753232,0.0030556908,0.0016853807,0.0008494055,0.00096294575
Jasvir Bal,Punjab XI CC,3,3,3,Bowler,0.0015753232,0.0018361142,0.0016853807,0.0008494055,0.00096294575
Robin Robin,St.Clair College,3,2,2,Bowler,0.0015753232,0.0018361142,0.0016853807,0.0008494055,0.00096294575
Asok Sampath,Renegades X,2,4,2,Bowler,0.0015753232,0.0030556908,0.0016853807,0.0008494055,0.00096294575
Sivakumar Ilango,Renegades X,3,3,2,Bowler,0.0015753232,0.0018361142,0.0016853807,0.0008494055,0.00096294575
Bhuvanesh Gokul,Renegades CC,3,3,4,Fielder,0.0015753232,0.0018361142,0.0044303755,0.0008494055,0.00096294575
Ammar Hussain,Windsor Dominion CC,3,3,1,Bowler,0.0015753232,0.0018361142,0.0016853807,0.0008494055,0.00096294575
Kshitij Punj,Punjab XI CC,3,3,3,Bowler,0.0015753232,0.0018361142,0.0016853807,0.0008494055,0.00096294575
Navjeevan Singh,Malik CC,3,3,3,Bowler,0.0015753232,0.0018361142,0.0016853807,0.0008494055,0.00096294575
Akhil Kumar,Mavericks CC,3,3,5,Fielder,0.0015753232,0.0018361142,0.96650845,0.0008494055,0.0155655015
Srivatsan Vasudevan,Renegades CC,3,3,2,Bowler,0.0015753232,0.0018361142,0.0016853807,0.0008494055,0.00096294575
Murali Kakarla,Trophy Fighters,2,4,3,Bowler,0.0015753232,0.0030556908,0.0016853807,0.0008494055,0.00096294575
Samanth Patel,Underdogs CC,2,3,4,Fielder,0.0015753232,0.0018361142,0.0044303755,0.0008494055,0.00096294575
Sai Akhil,Trophy Fighters,3,2,4,Fielder,0.0015753232,0.0018361142,0.0044303755,0.0008494055,0.00096294575
Ali Maqbool,Lasalle Lightning CC,2,3,4,Fielder,0.0015753232,0.0018361142,0.0044303755,0.0008494055,0.00096294575
Adil Shinwar,Windsor Lions CC,3,3,2,Bowler,0.0015753232,0.0018361142,0.0016853807,0.0008494055,0.00096294575
Harsh Rao,Gujarat Super Lions,2,3,4,Fielder,0.0015753232,0.0018361142,0.0044303755,0.0008494055,0.00096294575
Sukh-e khosa,Windsor Dominion CC,3,4,2,Bowler,0.0015753232,0.0030556908,0.0016853807,0.0008494055,0.00096294575
Shafiuddin Khan,Malik CC,2,4,2,Bowler,0.0015753232,0.0030556908,0.0016853807,0.0008494055,0.00096294575
Lenwin Dsilva,Lasalle Lightning CC,3,2,2,Bowler,0.0015753232,0.0018361142,0.0016853807,0.0008494055,0.00096294575
Kashif Saeed,Windsor Lions CC,3,3,3,Bowler,0.0015753232,0.0018361142,0.0016853807,0.0008494055,0.00096294575
Krunalkumar Chaudhari,Windsor Lancers CC,3,2,3,Bowler,0.0015753232,0.0018361142,0.0016853807,0.0008494055,0.00096294575
Om Dakoriya,St.Clair College,3,3,2,Bowler,0.0015753232,0.0018361142,0.0016853807,0.0008494055,0.00096294575
Siva Krishna Meesala,Mavericks CC,3,3,1,Bowler,0.0015753232,0.0018361142,0.0016853807,0.0008494055,0.00096294575
Nishant Padhiyar,WEUnited CC,3,2,2,Bowler,0.0015753232,0.0018361142,0.0016853807,0.0008494055,0.00096294575
Deepan Dhingra,Windsor Tigers CC,3,2,2,Bowler,0.0015753232,0.0018361142,0.0016853807,0.0008494055,0.00096294575
Mohd Shajid,EOCC,3,3,1,Bowler,0.0015753232,0.0018361142,0.0016853807,0.0008494055,0.00096294575
Srikanth Poshala,Chatham CC,3,3,3,Bowler,0.0015753232,0.0018361142,0.0016853807,0.0008494055,0.00096294575
Samuel Sadayone,Mavericks CC,2,4,2,Bowler,0.0015753232,0.0030556908,0.0016853807,0.0008494055,0.00096294575
Devendra Cheema Singh,Malik CC,2,4,3,Bowler,0.0015753232,0.0030556908,0.0016853807,0.0008494055,0.00096294575
Parthik Modi,Chatham CC,3,2,3,Bowler,0.0015753232,0.0018361142,0.0016853807,0.0008494055,0.00096294575
Abdul Rauf,Windsor Lions CC,2,3,2,Bowler,0.0015753232,0.0018361142,0.0016853807,0.0008494055,0.00096294575
Maurice Crosdale,Cavaliers CC of Windsor,3,2,5,Fielder,0.0015753232,0.0018361142,0.96650845,0.0008494055,0.0155655015
Murali Vijay Wardpalli Shyam,St.Clair College,3,3,3,Bowler,0.0015753232,0.0018361142,0.0016853807,0.0008494055,0.00096294575
Waqas Ahmed,Malik CC,2,4,2,Bowler,0.0015753232,0.0030556908,0.0016853807,0.0008494055,0.00096294575
Sahil Dubey,Underdogs CC,3,3,2,Bowler,0.0015753232,0.0018361142,0.0016853807,0.0008494055,0.00096294575
Pavittar Bhandal,FSC WINDSOR,3,3,2,Bowler,0.0015753232,0.0018361142,0.0016853807,0.0008494055,0.00096294575
Anwar Hosen,Chatham CC,3,2,3,Bowler,0.0015753232,0.0018361142,0.0016853807,0.0008494055,0.00096294575
Yogesh Ghai,Windsor Tigers CC,3,2,3,Bowler,0.0015753232,0.0018361142,0.0016853807,0.0008494055,0.00096294575
Kushal Sarao,Windsor Royals CC,2,4,1,Bowler,0.0015753232,0.0030556908,0.0016853807,0.0008494055,0.00096294575
Anuj Shukla,Trophy Fighters,2,4,1,Bowler,0.0015753232,0.0030556908,0.0016853807,0.0008494055,0.00096294575
Inderjit Rehal,Cavaliers CC of Windsor,3,2,3,Bowler,0.0015753232,0.0018361142,0.0016853807,0.0008494055,0.00096294575
Mohmmad Ali,Windsor Lancers CC,3,3,2,Bowler,0.0015753232,0.0018361142,0.0016853807,0.0008494055,0.00096294575
Azan Ali,Optimist CC,3,2,1,Bowler,0.0015753232,0.0018361142,0.0016853807,0.0008494055,0.00096294575
Hemanth Bethapudi,Mavericks CC,3,3,1,Bowler,0.0015753232,0.0018361142,0.0016853807,0.0008494055,0.00096294575
Sony M,Trophy Fighters,3,3,1,Bowler,0.0015753232,0.0018361142,0.0016853807,0.0008494055,0.00096294575
Sahil Khan,Underdogs CC,3,3,3,Bowler,0.0015753232,0.0018361142,0.0016853807,0.0008494055,0.00096294575
Sai Swaroop Angirekula,Windsor Lancers CC,3,2,3,Bowler,0.0015753232,0.0018361142,0.0016853807,0.0008494055,0.00096294575
Jagtar Kaler,FSC WINDSOR,3,2,4,Fielder,0.0015753232,0.0018361142,0.0044303755,0.0008494055,0.00096294575
Karthikeyan Kaliyappan,Renegades CC,2,4,1,Bowler,0.0015753232,0.0030556908,0.0016853807,0.0008494055,0.00096294575
Mario Brown,Chatham CC,2,3,2,Bowler,0.0015753232,0.0018361142,0.0016853807,0.0008494055,0.00096294575
Lovepreet Singh,St.Clair College,2,3,3,Bowler,0.0015753232,0.0018361142,0.0016853807,0.0008494055,0.00096294575
Towhid Chowdhury,Malik CC,3,2,2,Bowler,0.0015753232,0.0018361142,0.0016853807,0.0008494055,0.00096294575
Ravi Patel,Windsor Dominion CC,3,2,4,Fielder,0.0015753232,0.0018361142,0.0044303755,0.0008494055,0.00096294575
Rohang Soni,Gujarat Super Lions,3,2,3,Bowler,0.0015753232,0.0018361142,0.0016853807,0.0008494055,0.00096294575
Talwinder Singh,EOCC,2,3,3,Bowler,0.0015753232,0.0018361142,0.0016853807,0.0008494055,0.00096294575
Nasser Malik,Malik CC,3,3,3,Bowler,0.0015753232,0.0018361142,0.0016853807,0.0008494055,0.00096294575
Zain Ul Abdin,Windsor Dominion CC,3,3,2,Bowler,0.0015753232,0.0018361142,0.0016853807,0.0008494055,0.00096294575
Bhalaji Sadagopa Ramanujam,Renegades X,2,3,4,Fielder,0.0015753232,0.0018361142,0.0044303755,0.0008494055,0.00096294575
Mohan K,Trophy Fighters,3,2,3,Bowler,0.0015753232,0.0018361142,0.0016853807,0.0008494055,0.00096294575
Jamal Ansari,Lasalle Lightning CC,3,3,2,Bowler,0.0015753232,0.0018361142,0.0016853807,0.0008494055,0.00096294575
Ruturajsinh Solanki,WEUnited CC,3,2,3,Bowler,0.0015753232,0.0018361142,0.0016853807,0.0008494055,0.00096294575
Dinesh Pabba,Street Strikers,3,2,2,Bowler,0.0015753232,0.0018361142,0.0016853807,0.0008494055,0.00096294575
Ismail Khan,Windsor Warriors,3,3,2,Bowler,0.0015753232,0.0018361142,0.0016853807,0.0008494055,0.00096294575
Deekshit P,Trophy Fighters,2,3,3,Bowler,0.0015753232,0.0018361142,0.0016853807,0.0008494055,0.00096294575
Bilal Tariq,Windsor Dominion CC,2,3,2,Bowler,0.0015753232,0.0018361142,0.0016853807,0.0008494055,0.00096294575
Dushyant Joshi,Windsor Lancers CC,2,3,2,Bowler,0.0015753232,0.0018361142,0.0016853807,0.0008494055,0.00096294575
Sai Gokul,Lasalle Lightning CC,3,2,2,Bowler,0.0015753232,0.0018361142,0.0016853807,0.0008494055,0.00096294575
Dharmesh Sakhiya,Gujarat Lions CC,3,2,4,Fielder,0.0015753232,0.0018361142,0.0044303755,0.0008494055,0.00096294575
Piyush Kapoor,EOCC,3,3,2,Bowler,0.0015753232,0.0018361142,0.0016853807,0.0008494055,0.00096294575
Rohan R,Trophy Fighters,2,3,4,Fielder,0.0015753232,0.0018361142,0.0044303755,0.0008494055,0.00096294575
Gagandeep Grewal,Windsor Tigers CC,3,2,4,Fielder,0.0015753232,0.0018361142,0.0044303755,0.0008494055,0.00096294575
‚Å†krishna Vamsi Mudumunthala,Street Strikers,3,3,3,Bowler,0.0015753232,0.0018361142,0.0016853807,0.0008494055,0.00096294575
Riyaz Khan,Chatham CC,2,3,3,Bowler,0.0015753232,0.0018361142,0.0016853807,0.0008494055,0.00096294575
Ankur Patel,WEUnited CC,2,3,2,Bowler,0.0015753232,0.0018361142,0.0016853807,0.0008494055,0.00096294575
Kalpit Patel,Windsor Dominion CC,3,2,3,Bowler,0.0015753232,0.0018361142,0.0016853807,0.0008494055,0.00096294575
Gursaharn Singh Dhami,Underdogs CC,3,2,2,Bowler,0.0015753232,0.0018361142,0.0016853807,0.0008494055,0.00096294575
Vashisth U,Underdogs CC,3,2,1,Bowler,0.0015753232,0.0018361142,0.0016853807,0.0008494055,0.00096294575
Tejinder Singh,Windsor Lions 2,2,3,2,Bowler,0.0015753232,0.0018361142,0.0016853807,0.0008494055,0.00096294575
Asif Mohammed Shaik,Street Strikers,2,3,2,Bowler,0.0015753232,0.0018361142,0.0016853807,0.0008494055,0.00096294575
Tilak Patel,Gujarat Lions CC,2,3,3,Bowler,0.0015753232,0.0018361142,0.0016853807,0.0008494055,0.00096294575
Kamal Saeed Raja,Lasalle Lightning CC,2,3,2,Bowler,0.0015753232,0.0018361142,0.0016853807,0.0008494055,0.00096294575
Aryan Kohli,St.Clair College,2,3,2,Bowler,0.0015753232,0.0018361142,0.0016853807,0.0008494055,0.00096294575
Urvil Desai,Gujarat Super Lions,3,2,3,Bowler,0.0015753232,0.0018361142,0.0016853807,0.0008494055,0.00096294575
Ankur Patel,Gujarat Lions CC,3,2,1,Bowler,0.0015753232,0.0018361142,0.0016853807,0.0008494055,0.00096294575
Sandeep Singh Panjeta,Renegades X,3,2,1,Bowler,0.0015753232,0.0018361142,0.0016853807,0.0008494055,0.00096294575
Meet Patel,St.Clair College,3,3,2,Bowler,0.0015753232,0.0018361142,0.0016853807,0.0008494055,0.00096294575
Nishant Chauhan,Windsor Dominion CC,3,2,1,Bowler,0.0015753232,0.0018361142,0.0016853807,0.0008494055,0.00096294575
Bakht Jamal,Lasalle Lightning CC,2,2,5,Fielder,0.0015753232,0.0018361142,0.96650845,0.0008494055,0.0155655015
Eniyavan Subramanian,Renegades X,2,3,2,Bowler,0.0015753232,0.0018361142,0.0016853807,0.0008494055,0.00096294575
Perry Isidore,Cavaliers CC of Windsor,3,2,1,Bowler,0.0015753232,0.0018361142,0.0016853807,0.0008494055,0.00096294575
Qasim Riaz Ahmed,WEUnited CC,3,3,1,Bowler,0.0015753232,0.0018361142,0.0016853807,0.0008494055,0.00096294575
Harjot Singh,Windsor Tigers CC,2,3,2,Bowler,0.0015753232,0.0018361142,0.0016853807,0.0008494055,0.00096294575
Varsil Shah,Gujarat Lions CC,2,3,3,Bowler,0.0015753232,0.0018361142,0.0016853807,0.0008494055,0.00096294575
Harshil Prajapati,Windsor Royals CC,2,2,4,Fielder,0.0015753232,0.0018361142,0.0044303755,0.0008494055,0.00096294575
Vaibhav Ajjarapu,Street Strikers,2,3,3,Bowler,0.0015753232,0.0018361142,0.0016853807,0.0008494055,0.00096294575
Yogesh Mittal,Underdogs CC,2,3,2,Bowler,0.0015753232,0.0018361142,0.0016853807,0.0008494055,0.00096294575
Tushar Shi,EOCC,3,2,2,Bowler,0.0015753232,0.0018361142,0.0016853807,0.0008494055,0.00096294575
Vikram Kovvuri,Mavericks CC,2,3,2,Bowler,0.0015753232,0.0018361142,0.0016853807,0.0008494055,0.00096294575
Waqas Ahmed,Alpha XI,2,3,2,Bowler,0.0015753232,0.0018361142,0.0016853807,0.0008494055,0.00096294575
Debanjan Banik,Vulcans CC,3,2,2,Bowler,0.0015753232,0.0018361142,0.0016853807,0.0008494055,0.00096294575
Neel Patel,EOCC,3,2,4,Fielder,0.0015753232,0.0018361142,0.0044303755,0.0008494055,0.00096294575
Siva Sreekanth,Renegades X,3,2,3,Bowler,0.0015753232,0.0018361142,0.0016853807,0.0008494055,0.00096294575
Rajandeep Malhi,Windsor Warriors,2,2,5,Fielder,0.0015753232,0.0018361142,0.96650845,0.0008494055,0.0155655015
Rasheem Kolangara,Renegades X,3,3,3,Bowler,0.0015753232,0.0018361142,0.0016853807,0.0008494055,0.00096294575
Loganathan Soundarajan,Renegades X,2,3,2,Bowler,0.0015753232,0.0018361142,0.0016853807,0.0008494055,0.00096294575
Archit Singh,Renegades CC,3,2,1,Bowler,0.0015753232,0.0018361142,0.0016853807,0.0008494055,0.00096294575
Kartik Sharma,Alpha XI,3,2,2,Bowler,0.0015753232,0.0018361142,0.0016853807,0.0008494055,0.00096294575
Danial Malik,Windsor Dominion CC,3,2,2,Bowler,0.0015753232,0.0018361142,0.0016853807,0.0008494055,0.00096294575
Nikhil Kanchan,EOCC,3,2,3,Bowler,0.0015753232,0.0018361142,0.0016853807,0.0008494055,0.00096294575
Karan Shah,Windsor Lancers CC,3,2,4,Fielder,0.0015753232,0.0018361142,0.0044303755,0.0008494055,0.00096294575
Arsh Khehra,FSC WINDSOR,3,2,1,Bowler,0.0015753232,0.0018361142,0.0016853807,0.0008494055,0.00096294575
Akash Muralidharan,Super Chargers,2,3,3,Bowler,0.0015753232,0.0018361142,0.0016853807,0.0008494055,0.00096294575
Yash Padhiar,EOCC,2,3,3,Bowler,0.0015753232,0.0018361142,0.0016853807,0.0008494055,0.00096294575
Bijen Patel,Gujarat Lions CC,2,3,1,Bowler,0.0015753232,0.0018361142,0.0016853807,0.0008494055,0.00096294575
Pavan Rao Airneni,Trophy Fighters,2,3,3,Bowler,0.0015753232,0.0018361142,0.0016853807,0.0008494055,0.00096294575
Baljinder Kular,Lasalle Lightning CC,2,3,1,Bowler,0.0015753232,0.0018361142,0.0016853807,0.0008494055,0.00096294575
Kamal Preet,Underdogs CC,2,3,2,Bowler,0.0015753232,0.0018361142,0.0016853807,0.0008494055,0.00096294575
Akshit Rane,Gujarat Super Lions,3,2,3,Bowler,0.0015753232,0.0018361142,0.0016853807,0.0008494055,0.00096294575
Dhaval Patel,Gujarat Super Lions,2,3,2,Bowler,0.0015753232,0.0018361142,0.0016853807,0.0008494055,0.00096294575
Fahad Amin,Alpha XI,3,2,1,Bowler,0.0015753232,0.0018361142,0.0016853807,0.0008494055,0.00096294575
Suraj Sundarraj,Chatham CC,2,3,2,Bowler,0.0015753232,0.0018361142,0.0016853807,0.0008494055,0.00096294575
Sahibpreet Singh,Punjab XI CC,2,3,1,Bowler,0.0015753232,0.0018361142,0.0016853807,0.0008494055,0.00096294575
Kemar Allen,Cavaliers CC of Windsor,3,2,2,Bowler,0.0015753232,0.0018361142,0.0016853807,0.0008494055,0.00096294575
Iqbal Sidhu,Punjab XI CC,3,2,1,Bowler,0.0015753232,0.0018361142,0.0016853807,0.0008494055,0.00096294575
Bilal Sohail,Optimist CC,3,2,1,Bowler,0.0015753232,0.0018361142,0.0016853807,0.0008494055,0.00096294575
Dhruv Kukadiya,Windsor Dominion CC,3,2,1,Bowler,0.0015753232,0.0018361142,0.0016853807,0.0008494055,0.00096294575
Sahil Dubey,Windsor Dominion CC,3,2,2,Bowler,0.0015753232,0.0018361142,0.0016853807,0.0008494055,0.00096294575
Rajesh Reddy Pinnapureddy,Street Strikers,2,2,3,Bowler,0.0015753232,0.0018361142,0.0016853807,0.0008494055,0.00096294575
Badaruddin Khuhro,Windsor Dominion CC,3,2,4,Fielder,0.0015753232,0.0018361142,0.0044303755,0.0008494055,0.00096294575
Bhupinder Singh Randhawa,FSC WINDSOR,3,2,2,Bowler,0.0015753232,0.0018361142,0.0016853807,0.0008494055,0.00096294575
Muhammad Ali,Cavaliers CC of Windsor,2,3,3,Bowler,0.0015753232,0.0018361142,0.0016853807,0.0008494055,0.00096294575
Uttej Reddy,Windsor Royals CC,2,3,1,Bowler,0.0015753232,0.0018361142,0.0016853807,0.0008494055,0.00096294575
Jahanzeb Khan,Lasalle Lightning CC,3,2,1,Bowler,0.0015753232,0.0018361142,0.0016853807,0.0008494055,0.00096294575
Brahma Teja,Trophy Fighters,2,3,1,Bowler,0.0015753232,0.0018361142,0.0016853807,0.0008494055,0.00096294575
Manan Thaker,FSC WINDSOR,3,2,3,Bowler,0.0015753232,0.0018361142,0.0016853807,0.0008494055,0.00096294575
Sudhakar Reddy,Trophy Fighters,2,3,3,Bowler,0.0015753232,0.0018361142,0.0016853807,0.0008494055,0.00096294575
Priyanshu Ghetiya,Gujarat Super Lions,3,2,2,Bowler,0.0015753232,0.0018361142,0.0016853807,0.0008494055,0.00096294575
Xumair Hassan,Windsor Warriors,2,2,3,Bowler,0.0015753232,0.0018361142,0.0016853807,0.0008494055,0.00096294575
Jamal Ansari,WEUnited CC,3,2,1,Bowler,0.0015753232,0.0018361142,0.0016853807,0.0008494055,0.00096294575
Sandeep Reddy,Vulcans CC,2,3,3,Bowler,0.0015753232,0.0018361142,0.0016853807,0.0008494055,0.00096294575
Maniraaj Senthil Nathan,Windsor Lancers CC,2,2,2,Bowler,0.0015753232,0.0018361142,0.0016853807,0.0008494055,0.00096294575
Adil Shahriyar,Optimist CC,2,2,2,Bowler,0.0015753232,0.0018361142,0.0016853807,0.0008494055,0.00096294575
Gaurav Sharma,Gujarat Super Lions,2,3,1,Bowler,0.0015753232,0.0018361142,0.0016853807,0.0008494055,0.00096294575
Kaarthik Esakkidurai,Renegades X,2,3,2,Bowler,0.0015753232,0.0018361142,0.0016853807,0.0008494055,0.00096294575
Sriharsha Kusuma,Windsor Lancers CC,3,2,1,Bowler,0.0015753232,0.0018361142,0.0016853807,0.0008494055,0.00096294575
Ghulam Samdani,Windsor Dominion CC,3,2,1,Bowler,0.0015753232,0.0018361142,0.0016853807,0.0008494055,0.00096294575
Abhirama Penubaka,Trophy Fighters,3,2,1,Bowler,0.0015753232,0.0018361142,0.0016853807,0.0008494055,0.00096294575
Rinshad K,Renegades X,2,3,2,Bowler,0.0015753232,0.0018361142,0.0016853807,0.0008494055,0.00096294575
Nisarg Patel,EOCC,2,3,3,Bowler,0.0015753232,0.0018361142,0.0016853807,0.0008494055,0.00096294575
Amit Duhan,FSC WINDSOR,2,2,3,Bowler,0.0015753232,0.0018361142,0.0016853807,0.0008494055,0.00096294575
Kesav Varada,Street Strikers,2,3,1,Bowler,0.0015753232,0.0018361142,0.0016853807,0.0008494055,0.00096294575
Amish patel,Gujarat Super Lions,3,2,1,Bowler,0.0015753232,0.0018361142,0.0016853807,0.0008494055,0.00096294575
Anmol Jain,Windsor Warriors,2,2,2,Bowler,0.0015753232,0.0018361142,0.0016853807,0.0008494055,0.00096294575
Arshdeep Singh,Underdogs CC,2,3,3,Bowler,0.0015753232,0.0018361142,0.0016853807,0.0008494055,0.00096294575
Kamaljeet Singh,Underdogs CC,2,3,1,Bowler,0.0015753232,0.0018361142,0.0016853807,0.0008494055,0.00096294575
Richik S,Alpha XI,2,2,2,Bowler,0.0015753232,0.0018361142,0.0016853807,0.0008494055,0.00096294575
Jagwinder Singh,Gujarat Super Lions,3,2,1,Bowler,0.0015753232,0.0018361142,0.0016853807,0.0008494055,0.00096294575
Kaival Patel,Windsor Royals CC,2,3,3,Bowler,0.0015753232,0.0018361142,0.0016853807,0.0008494055,0.00096294575
Hassan Md,Underdogs CC,2,3,1,Bowler,0.0015753232,0.0018361142,0.0016853807,0.0008494055,0.00096294575
Vishal Kamal,Gujarat Super Lions,2,2,2,Bowler,0.0015753232,0.0018361142,0.0016853807,0.0008494055,0.00096294575
Pavan Kumar Morasa,Trophy Fighters,2,2,3,Bowler,0.0015753232,0.0018361142,0.0016853807,0.0008494055,0.00096294575
Ravi Patel,Underdogs CC,2,2,3,Bowler,0.0015753232,0.0018361142,0.0016853807,0.0008494055,0.00096294575
Jay D,Windsor Dominion CC,2,3,2,Bowler,0.0015753232,0.0018361142,0.0016853807,0.0008494055,0.00096294575
Vignesh R,Renegades X,2,2,3,Bowler,0.0015753232,0.0018361142,0.0016853807,0.0008494055,0.00096294575
Sahil Khan,Malik CC,2,3,2,Bowler,0.0015753232,0.0018361142,0.0016853807,0.0008494055,0.00096294575
Pankaj Chauhan,FSC WINDSOR,2,3,1,Bowler,0.0015753232,0.0018361142,0.0016853807,0.0008494055,0.00096294575
Omair Choudhry,Alpha XI,2,3,2,Bowler,0.0015753232,0.0018361142,0.0016853807,0.0008494055,0.00096294575
Dhruv Juneja,Vulcans CC,2,2,1,Bowler,0.0015753232,0.0018361142,0.0016853807,0.0008494055,0.00096294575
Abilash Sukhavasi,Optimist CC,2,3,2,Bowler,0.0015753232,0.0018361142,0.0016853807,0.0008494055,0.00096294575
Khalid Siddiqui,WEUnited CC,3,2,1,Bowler,0.0015753232,0.0018361142,0.0016853807,0.0008494055,0.00096294575
Paranjothi Gopalan,Renegades CC,2,3,1,Bowler,0.0015753232,0.0018361142,0.0016853807,0.0008494055,0.00096294575
Prince Christian,EOCC,2,3,1,Bowler,0.0015753232,0.0018361142,0.0016853807,0.0008494055,0.00096294575
Shreyansh Patel,WEUnited CC,2,3,2,Bowler,0.0015753232,0.0018361142,0.0016853807,0.0008494055,0.00096294575
Minhaaz M,Underdogs CC,2,2,2,Bowler,0.0015753232,0.0018361142,0.0016853807,0.0008494055,0.00096294575
Vicky Choudhary,Chatham CC,2,2,3,Bowler,0.0015753232,0.0018361142,0.0016853807,0.0008494055,0.00096294575
Basit Khan,Alpha XI,3,2,1,Bowler,0.0015753232,0.0018361142,0.0016853807,0.0008494055,0.00096294575
Aman Patel,Gujarat Lions CC,2,2,1,Bowler,0.0015753232,0.0018361142,0.0016853807,0.0008494055,0.00096294575
Amroj S,Chatham CC,2,2,1,Bowler,0.0015753232,0.0018361142,0.0016853807,0.0008494055,0.00096294575
Phani Ram Challagolla,Street Strikers,2,3,1,Bowler,0.0015753232,0.0018361142,0.0016853807,0.0008494055,0.00096294575
Amra Mansuri,St.Clair College,2,2,4,Fielder,0.0015753232,0.0018361142,0.0044303755,0.0008494055,0.00096294575
Abdullah Shireen,Optimist CC,2,2,2,Bowler,0.0015753232,0.0018361142,0.0016853807,0.0008494055,0.00096294575
Shrey Desai,Windsor Dominion CC,2,2,1,Bowler,0.0015753232,0.0018361142,0.0016853807,0.0008494055,0.00096294575
Aarth Kuyeskar,EOCC,2,2,1,Bowler,0.0015753232,0.0018361142,0.0016853807,0.0008494055,0.00096294575
Abhiram Nunna,Trophy Fighters,2,2,1,Bowler,0.0015753232,0.0018361142,0.0016853807,0.0008494055,0.00096294575
Srikanth Pandem,Trophy Fighters,2,3,2,Bowler,0.0015753232,0.0018361142,0.0016853807,0.0008494055,0.00096294575
Sai Gokul,Vulcans CC,2,2,1,Bowler,0.0015753232,0.0018361142,0.0016853807,0.0008494055,0.00096294575
Yash Patel,WEUnited CC,2,3,2,Bowler,0.0015753232,0.0018361142,0.0016853807,0.0008494055,0.00096294575
Zuhaib Hassan,Windsor Lancers CC,2,3,2,Bowler,0.0015753232,0.0018361142,0.0016853807,0.0008494055,0.00096294575
Bhupinder Singh Randhawa,Windsor Warriors,2,2,1,Bowler,0.0015753232,0.0018361142,0.0016853807,0.0008494055,0.00096294575
Sujoy Pal,Underdogs CC,2,2,1,Bowler,0.0015753232,0.0018361142,0.0016853807,0.0008494055,0.00096294575
Mohan Singh,FSC WINDSOR,2,2,1,Bowler,0.0015753232,0.0018361142,0.0016853807,0.0008494055,0.00096294575
Mubeen Skindar,Alpha XI,2,2,2,Bowler,0.0015753232,0.0018361142,0.0016853807,0.0008494055,0.00096294575
Gurassis Singh,FSC WINDSOR,2,2,2,Bowler,0.0015753232,0.0018361142,0.0016853807,0.0008494055,0.00096294575
Fahad Bhatti,Malik CC,2,2,2,Bowler,0.0015753232,0.0018361142,0.0016853807,0.0008494055,0.00096294575
Arshy Sidhu,Punjab XI CC,2,2,3,Bowler,0.0015753232,0.0018361142,0.0016853807,0.0008494055,0.00096294575
Sridhar Nidumolu,Windsor Royals CC,2,3,2,Bowler,0.0015753232,0.0018361142,0.0016853807,0.0008494055,0.00096294575
Abdullah Qureshi,Lasalle Lightning CC,2,2,1,Bowler,0.0015753232,0.0018361142,0.0016853807,0.0008494055,0.00096294575
Yash Patel,WEUnited CC,2,2,2,Bowler,0.0015753232,0.0018361142,0.0016853807,0.0008494055,0.00096294575
Enosh Kumar,Trophy Fighters,2,2,2,Bowler,0.0015753232,0.0018361142,0.0016853807,0.0008494055,0.00096294575
Devender Singh,Windsor Lions 2,2,2,2,Bowler,0.0015753232,0.0018361142,0.0016853807,0.0008494055,0.00096294575
Dev Patel,Gujarat Lions CC,2,3,2,Bowler,0.0015753232,0.0018361142,0.0016853807,0.0008494055,0.00096294575
Kanwar Singh,Windsor Royals CC,2,2,2,Bowler,0.0015753232,0.0018361142,0.0016853807,0.0008494055,0.00096294575
Prabh Buttar,Lasalle Lightning CC,2,3,2,Bowler,0.0015753232,0.0018361142,0.0016853807,0.0008494055,0.00096294575
Maniraj Senthilnathan,Renegades CC,2,2,2,Bowler,0.0015753232,0.0018361142,0.0016853807,0.0008494055,0.00096294575
Harish Dasu,Chatham CC,2,2,2,Bowler,0.0015753232,0.0018361142,0.0016853807,0.0008494055,0.00096294575
Thaneshver Sidhu,Windsor Dominion CC,2,2,2,Bowler,0.0015753232,0.0018361142,0.0016853807,0.0008494055,0.00096294575
Dhananjay Jangra,Windsor Warriors,2,2,1,Bowler,0.0015753232,0.0018361142,0.0016853807,0.0008494055,0.00096294575
Anuj Vohra,Windsor Lancers CC,2,2,2,Bowler,0.0015753232,0.0018361142,0.0016853807,0.0008494055,0.00096294575
Ankit Padhiar,Gujarat Super Lions,2,2,1,Bowler,0.0015753232,0.0018361142,0.0016853807,0.0008494055,0.00096294575
Irfan Ahmed,Optimist CC,2,3,1,Bowler,0.0015753232,0.0018361142,0.0016853807,0.0008494055,0.00096294575
Manish Thiayagarajan,Mavericks CC,2,3,2,Bowler,0.0015753232,0.0018361142,0.0016853807,0.0008494055,0.00096294575
Vivekkumar Patel,Super Chargers,2,2,2,Bowler,0.0015753232,0.0018361142,0.0016853807,0.0008494055,0.00096294575
Narender Singh,Underdogs CC,2,3,2,Bowler,0.0015753232,0.0018361142,0.0016853807,0.0008494055,0.00096294575
Sandeep B,EOCC,2,2,1,Bowler,0.0015753232,0.0018361142,0.0016853807,0.0008494055,0.00096294575
Meer Ushter,Optimist CC,2,2,2,Bowler,0.0015753232,0.0018361142,0.0016853807,0.0008494055,0.00096294575
Sathish Pichika,Windsor Lancers CC,2,2,3,Bowler,0.0015753232,0.0018361142,0.0016853807,0.0008494055,0.00096294575
Brahma Sai Kesari,Street Strikers,2,2,1,Bowler,0.0015753232,0.0018361142,0.0016853807,0.0008494055,0.00096294575
Prithvi Akle,Optimist CC,2,2,1,Bowler,0.0015753232,0.0018361142,0.0016853807,0.0008494055,0.00096294575
Fahimuddin Bai,Windsor Dominion CC,2,2,2,Bowler,0.0015753232,0.0018361142,0.0016853807,0.0008494055,0.00096294575
Harmanjot Singh,FSC WINDSOR,2,2,2,Bowler,0.0015753232,0.0018361142,0.0016853807,0.0008494055,0.00096294575
Viren Patel,Gujarat Lions CC,2,2,1,Bowler,0.0015753232,0.0018361142,0.0016853807,0.0008494055,0.00096294575
Harpreet M,Trophy Fighters,2,2,3,Bowler,0.0015753232,0.0018361142,0.0016853807,0.0008494055,0.00096294575
Sakeel Mohd,Windsor Warriors,2,2,2,Bowler,0.0015753232,0.0018361142,0.0016853807,0.0008494055,0.00096294575
Sai Bapiraju Penumatsa,Windsor Dominion CC,2,2,2,Bowler,0.0015753232,0.0018361142,0.0016853807,0.0008494055,0.00096294575
Humza Malik,Windsor Dominion CC,2,2,2,Bowler,0.0015753232,0.0018361142,0.0016853807,0.0008494055,0.00096294575
Utsav Barot,Windsor Lancers CC,2,2,2,Bowler,0.0015753232,0.0018361142,0.0016853807,0.0008494055,0.00096294575
Rohith V,Super Chargers,2,2,3,Bowler,0.0015753232,0.0018361142,0.0016853807,0.0008494055,0.00096294575
Lijin Joy Bethel,Chatham CC,2,2,2,Bowler,0.0015753232,0.0018361142,0.0016853807,0.0008494055,0.00096294575
Vikram Gopi,Renegades X,2,3,2,Bowler,0.0015753232,0.0018361142,0.0016853807,0.0008494055,0.00096294575
Sahib Singh,Chatham CC,2,2,2,Bowler,0.0015753232,0.0018361142,0.0016853807,0.0008494055,0.00096294575
Priyansh Mehta,Alpha XI,2,2,2,Bowler,0.0015753232,0.0018361142,0.0016853807,0.0008494055,0.00096294575
Radin Mehrab,Malik CC,2,2,3,Bowler,0.0015753232,0.0018361142,0.0016853807,0.0008494055,0.00096294575
Jerish Kumaran Anjan,Renegades X,2,2,1,Bowler,0.0015753232,0.0018361142,0.0016853807,0.0008494055,0.00096294575
Gurvir Singh Grewal,Windsor Warriors,2,2,2,Bowler,0.0015753232,0.0018361142,0.0016853807,0.0008494055,0.00096294575
Manan Thaker,Renegades X,2,2,2,Bowler,0.0015753232,0.0018361142,0.0016853807,0.0008494055,0.00096294575
Raj Sourav,Alpha XI,2,2,1,Bowler,0.0015753232,0.0018361142,0.0016853807,0.0008494055,0.00096294575
Haider Bhatti,Underdogs CC,2,2,2,Bowler,0.0015753232,0.0018361142,0.0016853807,0.0008494055,0.00096294575
Sai Sarath,Trophy Fighters,2,3,1,Bowler,0.0015753232,0.0018361142,0.0016853807,0.0008494055,0.00096294575
Yash Tarpara,Gujarat Lions CC,2,2,2,Bowler,0.0015753232,0.0018361142,0.0016853807,0.0008494055,0.00096294575
Ganesh Konduru,Mavericks CC,2,2,2,Bowler,0.0015753232,0.0018361142,0.0016853807,0.0008494055,0.00096294575
Brijal Patel,Underdogs CC,2,2,1,Bowler,0.0015753232,0.0018361142,0.0016853807,0.0008494055,0.00096294575
Ayush Rabari,St.Clair College,2,2,3,Bowler,0.0015753232,0.0018361142,0.0016853807,0.0008494055,0.00096294575
Dileep Somasekharan,Chatham CC,2,2,1,Bowler,0.0015753232,0.0018361142,0.0016853807,0.0008494055,0.00096294575
Prakash Bhullar,Underdogs CC,2,2,1,Bowler,0.0015753232,0.0018361142,0.0016853807,0.0008494055,0.00096294575
Pavan Kalyan Vemuri,Windsor Dominion CC,2,2,3,Bowler,0.0015753232,0.0018361142,0.0016853807,0.0008494055,0.00096294575
Devinder Cheema,FSC WINDSOR,2,2,1,Bowler,0.0015753232,0.0018361142,0.0016853807,0.0008494055,0.00096294575
Haspreet Sidhu,FSC WINDSOR,2,2,2,Bowler,0.0015753232,0.0018361142,0.0016853807,0.0008494055,0.00096294575
Amrit S,EOCC,2,2,1,Bowler,0.0015753232,0.0018361142,0.0016853807,0.0008494055,0.00096294575
Ansh U,EOCC,2,2,1,Bowler,0.0015753232,0.0018361142,0.0016853807,0.0008494055,0.00096294575
Tauseef Ahmed,Alpha XI,2,2,2,Bowler,0.0015753232,0.0018361142,0.0016853807,0.0008494055,0.00096294575
Suprith Jagannath,Renegades CC,2,2,1,Bowler,0.0015753232,0.0018361142,0.0016853807,0.0008494055,0.00096294575
Anil Vadlamani,Super Chargers,2,3,1,Bowler,0.0015753232,0.0018361142,0.0016853807,0.0008494055,0.00096294575
Nikhil Sannagiri,Mavericks CC,2,2,2,Bowler,0.0015753232,0.0018361142,0.0016853807,0.0008494055,0.00096294575
Nisar Mohammed,Super Chargers,2,2,2,Bowler,0.0015753232,0.0018361142,0.0016853807,0.0008494055,0.00096294575
Swami Sharma,Windsor Lions CC,2,2,2,Bowler,0.0015753232,0.0018361142,0.0016853807,0.0008494055,0.00096294575
Meghansh Sai Reddy Bachangari,Windsor Lancers CC,2,2,2,Bowler,0.0015753232,0.0018361142,0.0016853807,0.0008494055,0.00096294575
Amarjot Singh,Windsor Lions CC,2,2,1,Bowler,0.0015753232,0.0018361142,0.0016853807,0.0008494055,0.00096294575
Dhaval Bhrambhatt,Gujarat Super Lions,2,2,2,Bowler,0.0015753232,0.0018361142,0.0016853807,0.0008494055,0.00096294575
Siril Kumar Reddy Kandula,Super Chargers,2,2,2,Bowler,0.0015753232,0.0018361142,0.0016853807,0.0008494055,0.00096294575
Mario Richards,Cavaliers CC of Windsor,2,2,2,Bowler,0.0015753232,0.0018361142,0.0016853807,0.0008494055,0.00096294575
Naveed Ashraf,Alpha XI,2,2,2,Bowler,0.0015753232,0.0018361142,0.0016853807,0.0008494055,0.00096294575
Raj Patel,Gujarat Lions CC,2,2,1,Bowler,0.0015753232,0.0018361142,0.0016853807,0.0008494055,0.00096294575
Premkumar Subramanian,Renegades X,2,2,2,Bowler,0.0015753232,0.0018361142,0.0016853807,0.0008494055,0.00096294575
Sadat Tanzim,Cavaliers CC of Windsor,2,2,2,Bowler,0.0015753232,0.0018361142,0.0016853807,0.0008494055,0.00096294575
Jay Shah,EOCC,2,2,1,Bowler,0.0015753232,0.0018361142,0.0016853807,0.0008494055,0.00096294575
Upendra patike,Underdogs CC,2,2,2,Bowler,0.0015753232,0.0018361142,0.0016853807,0.0008494055,0.00096294575
Gyan Singh,Windsor Lions CC,2,2,2,Bowler,0.0015753232,0.0018361142,0.0016853807,0.0008494055,0.00096294575
Jaskirat Rehal,Cavaliers CC of Windsor,2,2,2,Bowler,0.0015753232,0.0018361142,0.0016853807,0.0008494055,0.00096294575
Paras Paras,Gujarat Super Lions,2,2,1,Bowler,0.0015753232,0.0018361142,0.0016853807,0.0008494055,0.00096294575
Vignesh Vaidiyanathan,Renegades CC,2,2,2,Bowler,0.0015753232,0.0018361142,0.0016853807,0.0008494055,0.00096294575
Sparsh Patel,Gujarat Lions CC,2,2,1,Bowler,0.0015753232,0.0018361142,0.0016853807,0.0008494055,0.00096294575
Parshant Goswami,FSC WINDSOR,2,2,2,Bowler,0.0015753232,0.0018361142,0.0016853807,0.0008494055,0.00096294575
Naveen Chugh,Malik CC,2,2,2,Bowler,0.0015753232,0.0018361142,0.0016853807,0.0008494055,0.00096294575
Gurdeep Boparai,Windsor Tigers CC,2,2,2,Bowler,0.0015753232,0.0018361142,0.0016853807,0.0008494055,0.00096294575
Gurpreet Brar,Windsor Tigers CC,2,2,1,Bowler,0.0015753232,0.0018361142,0.0016853807,0.0008494055,0.00096294575
Abhi Optimist,Optimist CC,2,2,1,Bowler,0.0015753232,0.0018361142,0.0016853807,0.0008494055,0.00096294575
Deepak Chakravarthy Mayandi Ravi,Windsor Lancers CC,2,2,1,Bowler,0.0015753232,0.0018361142,0.0016853807,0.0008494055,0.00096294575
Henock Thadevus,Windsor Dominion CC,2,2,1,Bowler,0.0015753232,0.0018361142,0.0016853807,0.0008494055,0.00096294575
Lovepreet Singh,Optimist CC,2,2,2,Bowler,0.0015753232,0.0018361142,0.0016853807,0.0008494055,0.00096294575
Manpreet Singh,Chatham CC,2,2,2,Bowler,0.0015753232,0.0018361142,0.0016853807,0.0008494055,0.00096294575
Hardik Patel,Windsor Dominion CC,2,2,1,Bowler,0.0015753232,0.0018361142,0.0016853807,0.0008494055,0.00096294575
Sameer Noman,Windsor Lions CC,2,2,2,Bowler,0.0015753232,0.0018361142,0.0016853807,0.0008494055,0.00096294575
Shrey Vyas,Trophy Fighters,2,2,1,Bowler,0.0015753232,0.0018361142,0.0016853807,0.0008494055,0.00096294575
Abdur Rehman Raja,Lasalle Lightning CC,2,2,1,Bowler,0.0015753232,0.0018361142,0.0016853807,0.0008494055,0.00096294575
Chaitanya Swaroop Matta,Super Chargers,2,2,1,Bowler,0.0015753232,0.0018361142,0.0016853807,0.0008494055,0.00096294575
Vishnu Talasani,Windsor Royals CC,2,2,2,Bowler,0.0015753232,0.0018361142,0.0016853807,0.0008494055,0.00096294575
Smith Rana,EOCC,2,2,2,Bowler,0.0015753232,0.0018361142,0.0016853807,0.0008494055,0.00096294575
Jay Dubey,Windsor Dominion CC,2,2,1,Bowler,0.0015753232,0.0018361142,0.0016853807,0.0008494055,0.00096294575
Bhanu Vakati,Windsor Warriors,2,2,1,Bowler,0.0015753232,0.0018361142,0.0016853807,0.0008494055,0.00096294575
Prudhvi S,Street Strikers,2,2,1,Bowler,0.0015753232,0.0018361142,0.0016853807,0.0008494055,0.00096294575
Murali Raju,EOCC,2,2,2,Bowler,0.0015753232,0.0018361142,0.0016853807,0.0008494055,0.00096294575
Baljinder Sandhu,Windsor Lions 2,2,2,1,Bowler,0.0015753232,0.0018361142,0.0016853807,0.0008494055,0.00096294575
Rajinderpal Singh,Windsor Dominion CC,2,2,1,Bowler,0.0015753232,0.0018361142,0.0016853807,0.0008494055,0.00096294575
Dhruvil Dobariya,Alpha XI,2,2,1,Bowler,0.0015753232,0.0018361142,0.0016853807,0.0008494055,0.00096294575
Mihir Soni,Windsor Dominion CC,2,2,1,Bowler,0.0015753232,0.0018361142,0.0016853807,0.0008494055,0.00096294575
Rudra Patel,Chatham CC,2,2,1,Bowler,0.0015753232,0.0018361142,0.0016853807,0.0008494055,0.00096294575
Ravneet Singh,Windsor Lions 2,2,2,1,Bowler,0.0015753232,0.0018361142,0.0016853807,0.0008494055,0.00096294575
Kamaljit Singh,Punjab XI CC,2,2,1,Bowler,0.0015753232,0.0018361142,0.0016853807,0.0008494055,0.00096294575
Miraj Modi,Gujarat Lions CC,2,2,2,Bowler,0.0015753232,0.0018361142,0.0016853807,0.0008494055,0.00096294575
Krishna Baktarwala,Vulcans CC,2,2,1,Bowler,0.0015753232,0.0018361142,0.0016853807,0.0008494055,0.00096294575
Ravi Upadhyay,Underdogs CC,2,2,1,Bowler,0.0015753232,0.0018361142,0.0016853807,0.0008494055,0.00096294575
Waqar Shabbir,Lasalle Lightning CC,2,2,1,Bowler,0.0015753232,0.0018361142,0.0016853807,0.0008494055,0.00096294575
Vedith Shetty,Vulcans CC,2,2,1,Bowler,0.0015753232,0.0018361142,0.0016853807,0.0008494055,0.00096294575
Kishor Kesav,Cavaliers CC of Windsor,2,2,1,Bowler,0.0015753232,0.0018361142,0.0016853807,0.0008494055,0.00096294575
Sakeel Mohammed,Windsor Warriors,2,2,1,Bowler,0.0015753232,0.0018361142,0.0016853807,0.0008494055,0.00096294575
Paras P,Windsor Dominion CC,2,2,1,Bowler,0.0015753232,0.0018361142,0.0016853807,0.0008494055,0.00096294575
Mohil Prajapati,EOCC,2,2,1,Bowler,0.0015753232,0.0018361142,0.0016853807,0.0008494055,0.00096294575
Sunny Katana,Punjab XI CC,2,2,1,Bowler,0.0015753232,0.0018361142,0.0016853807,0.0008494055,0.00096294575
Harmeet Dhaliwal,Windsor Tigers CC,2,2,1,Bowler,0.0015753232,0.0018361142,0.0016853807,0.0008494055,0.00096294575
Shivpal Rana,Underdogs CC,2,2,2,Bowler,0.0015753232,0.0018361142,0.0016853807,0.0008494055,0.00096294575
Sandeep Manukonda,Windsor Tigers CC,2,2,1,Bowler,0.0015753232,0.0018361142,0.0016853807,0.0008494055,0.00096294575
Simran Singh,Punjab XI CC,2,2,1,Bowler,0.0015753232,0.0018361142,0.0016853807,0.0008494055,0.00096294575
Manjot Lamba,Vulcans CC,2,2,1,Bowler,0.0015753232,0.0018361142,0.0016853807,0.0008494055,0.00096294575
Kishore Kesavv,EOCC,2,2,1,Bowler,0.0015753232,0.0018361142,0.0016853807,0.0008494055,0.00096294575
Syed Adnan Sajid,Windsor Dominion CC,2,2,1,Bowler,0.0015753232,0.0018361142,0.0016853807,0.0008494055,0.00096294575
Mounik B,Street Strikers,2,2,1,Bowler,0.0015753232,0.0018361142,0.0016853807,0.0008494055,0.00096294575
Vikrant A,EOCC,2,2,1,Bowler,0.0015753232,0.0018361142,0.0016853807,0.0008494055,0.00096294575
Vibrant B,EOCC,2,2,1,Bowler,0.0015753232,0.0018361142,0.0016853807,0.0008494055,0.00096294575
Asif Muzaffar,Optimist CC,2,2,1,Bowler,0.0015753232,0.0018361142,0.0016853807,0.0008494055,0.00096294575
Majid Usman,Windsor Lions CC,2,2,1,Bowler,0.0015753232,0.0018361142,0.0016853807,0.0008494055,0.00096294575
Jay Modi,Underdogs CC,2,2,1,Bowler,0.0015753232,0.0018361142,0.0016853807,0.0008494055,0.00096294575
Rishi Pulijala,Vulcans CC,2,2,1,Bowler,0.0015753232,0.0018361142,0.0016853807,0.0008494055,0.00096294575
Ifitkhar Cheema,Optimist CC,2,2,1,Bowler,0.0015753232,0.0018361142,0.0016853807,0.0008494055,0.00096294575
Lovepreet Kumar,Malik CC,2,2,1,Bowler,0.0015753232,0.0018361142,0.0016853807,0.0008494055,0.00096294575
Daniel Waldron,Cavaliers CC of Windsor,2,2,1,Bowler,0.0015753232,0.0018361142,0.0016853807,0.0008494055,0.00096294575
Rahul Domai,Gujarat Super Lions,2,2,1,Bowler,0.0015753232,0.0018361142,0.0016853807,0.0008494055,0.00096294575
Muhammad Awais Khan,Malik CC,2,2,1,Bowler,0.0015753232,0.0018361142,0.0016853807,0.0008494055,0.00096294575
Mohammad Asfar Shaikh,Windsor Royals CC,2,2,1,Bowler,0.0015753232,0.0018361142,0.0016853807,0.0008494055,0.00096294575
Jean Emmanuel,Windsor Dominion CC,2,2,1,Bowler,0.0015753232,0.0018361142,0.0016853807,0.0008494055,0.00096294575
Austin Thomas,Underdogs CC,2,2,1,Bowler,0.0015753232,0.0018361142,0.0016853807,0.0008494055,0.00096294575
Kudzy Matare,Cavaliers CC of Windsor,2,2,1,Bowler,0.0015753232,0.0018361142,0.0016853807,0.0008494055,0.00096294575
Abhishek Kumar,Underdogs CC,2,2,2,Bowler,0.0015753232,0.0018361142,0.0016853807,0.0008494055,0.00096294575
Dwayne Francis,Cavaliers CC of Windsor,2,2,1,Bowler,0.0015753232,0.0018361142,0.0016853807,0.0008494055,0.00096294575
Mustafa Daimerkisha,Windsor Dominion CC,2,2,1,Bowler,0.0015753232,0.0018361142,0.0016853807,0.0008494055,0.00096294575
Dinesh Choudhary,Windsor Warriors,2,2,1,Bowler,0.0015753232,0.0018361142,0.0016853807,0.0008494055,0.00096294575
Jayasurya Pavan,Windsor Dominion CC,2,2,1,Bowler,0.0015753232,0.0018361142,0.0016853807,0.0008494055,0.00096294575
Sam Dsouza,Vulcans CC,2,2,1,Bowler,0.0015753232,0.0018361142,0.0016853807,0.0008494055,0.00096294575
Sujith Dubbaka,Chatham CC,2,2,1,Bowler,0.0015753232,0.0018361142,0.0016853807,0.0008494055,0.00096294575
Ajal George,St.Clair College,2,2,1,Bowler,0.0015753232,0.0018361142,0.0016853807,0.0008494055,0.00096294575
Aditya Rana,Windsor Lions 2,2,2,1,Bowler,0.0015753232,0.0018361142,0.0016853807,0.0008494055,0.00096294575
Kaushiv Sharma,Windsor Lions CC,2,2,1,Bowler,0.0015753232,0.0018361142,0.0016853807,0.0008494055,0.00096294575
Gurbunder Randhawa,Windsor Lions 2,2,2,1,Bowler,0.0015753232,0.0018361142,0.0016853807,0.0008494055,0.00096294575
Gurbinder Randhawa,Windsor Lions 2,2,2,1,Bowler,0.0015753232,0.0018361142,0.0016853807,0.0008494055,0.00096294575
Karan Baba,Windsor Lions CC,2,2,1,Bowler,0.0015753232,0.0018361142,0.0016853807,0.0008494055,0.00096294575
Ansh Patel,Windsor Warriors,2,2,1,Bowler,0.0015753232,0.0018361142,0.0016853807,0.0008494055,0.00096294575
Ashwanth Kumar Kathiravan,Windsor Lancers CC,2,2,1,Bowler,0.0015753232,0.0018361142,0.0016853807,0.0008494055,0.00096294575
Sukhwinder Singh,St.Clair College,2,2,1,Bowler,0.0015753232,0.0018361142,0.0016853807,0.0008494055,0.00096294575
Shiraz Shah,Windsor Dominion CC,2,2,1,Bowler,0.0015753232,0.0018361142,0.0016853807,0.0008494055,0.00096294575
Harsha B,Street Strikers,2,2,1,Bowler,0.0015753232,0.0018361142,0.0016853807,0.0008494055,0.00096294575
Mahesh Mohan,Chatham CC,2,2,1,Bowler,0.0015753232,0.0018361142,0.0016853807,0.0008494055,0.00096294575
Nikhilesh Bejugam,Mavericks CC,2,2,1,Bowler,0.0015753232,0.0018361142,0.0016853807,0.0008494055,0.00096294575
Anwar Shahid,Alpha XI,2,2,1,Bowler,0.0015753232,0.0018361142,0.0016853807,0.0008494055,0.00096294575
Farhan .,Windsor Lions CC,2,2,1,Bowler,0.0015753232,0.0018361142,0.0016853807,0.0008494055,0.00096294575
Aryan Kohli,Gujarat Super Lions,2,2,1,Bowler,0.0015753232,0.0018361142,0.0016853807,0.0008494055,0.00096294575
Ahmad Ali Khuhro,Windsor Dominion CC,2,2,1,Bowler,0.0015753232,0.0018361142,0.0016853807,0.0008494055,0.00096294575
Karan Handa,Windsor Dominion CC,2,2,1,Bowler,0.0015753232,0.0018361142,0.0016853807,0.0008494055,0.00096294575
Daljit Rall,Windsor Lions 2,2,2,1,Bowler,0.0015753232,0.0018361142,0.0016853807,0.0008494055,0.00096294575
Joshua Makwana,Windsor Dominion CC,2,2,1,Bowler,0.0015753232,0.0018361142,0.0016853807,0.0008494055,0.00096294575
Sagar Parmar,Windsor Dominion CC,2,2,1,Bowler,0.0015753232,0.0018361142,0.0016853807,0.0008494055,0.00096294575
Miguel Barnett,Cavaliers CC of Windsor,2,2,1,Bowler,0.0015753232,0.0018361142,0.0016853807,0.0008494055,0.00096294575
Parth Chapla,Windsor Dominion CC,2,2,1,Bowler,0.0015753232,0.0018361142,0.0016853807,0.0008494055,0.00096294575
Navi Sharma,FSC WINDSOR,2,2,1,Bowler,0.0015753232,0.0018361142,0.0016853807,0.0008494055,0.00096294575
Oluwatayo Ogunkola,Windsor Dominion CC,2,2,1,Bowler,0.0015753232,0.0018361142,0.0016853807,0.0008494055,0.00096294575
Yashkaran Thakkar,Windsor Lions CC,2,2,1,Bowler,0.0015753232,0.0018361142,0.0016853807,0.0008494055,0.00096294575
Mohamad Kaif,EOCC,2,2,1,Bowler,0.0015753232,0.0018361142,0.0016853807,0.0008494055,0.00096294575
Pranjal Gupta,Underdogs CC,2,2,1,Bowler,0.0015753232,0.0018361142,0.0016853807,0.0008494055,0.00096294575
Fahim Khan,Optimist CC,2,2,1,Bowler,0.0015753232,0.0018361142,0.0016853807,0.0008494055,0.00096294575
Aksh Patel,Windsor Dominion CC,1,2,2,Bowler,0.0015753232,0.0018361142,0.0016853807,0.0008494055,0.00096294575
Faisal Bhatti,Optimist CC,2,2,2,Bowler,0.0015753232,0.0018361142,0.0016853807,0.0008494055,0.00096294575
Srinivas Pedduri,Renegades X,2,2,1,Bowler,0.0015753232,0.0018361142,0.0016853807,0.0008494055,0.00096294575
Faizan Ali,Alpha XI,2,2,1,Bowler,0.0015753232,0.0018361142,0.0016853807,0.0008494055,0.00096294575
Ishan Desai,Lasalle Lightning CC,2,2,1,Bowler,0.0015753232,0.0018361142,0.0016853807,0.0008494055,0.00096294575
Suresh P,Renegades X,2,2,1,Bowler,0.0015753232,0.0018361142,0.0016853807,0.0008494055,0.00096294575
Mandeep Singh,EOCC,2,2,2,Bowler,0.0015753232,0.0018361142,0.0016853807,0.0008494055,0.00096294575
Ahmed Anwer,Lasalle Lightning CC,2,2,2,Bowler,0.0015753232,0.0018361142,0.0016853807,0.0008494055,0.00096294575
Harsh Patel,Windsor Dominion CC,2,2,1,Bowler,0.0015753232,0.0018361142,0.0016853807,0.0008494055,0.00096294575
Sahil Vichari,Vulcans CC,2,2,2,Bowler,0.0015753232,0.0018361142,0.0016853807,0.0008494055,0.00096294575
Mandeep S,EOCC,2,2,2,Bowler,0.0015753232,0.0018361142,0.0016853807,0.0008494055,0.00096294575
Hatim Bhatti,Alpha XI,2,2,1,Bowler,0.0015753232,0.0018361142,0.0016853807,0.0008494055,0.00096294575
Richik Gangopadhyay,Windsor Lancers CC,2,1,2,Bowler,0.0015753232,0.0018361142,0.0016853807,0.0008494055,0.00096294575
